"optimizer","learning_rate","lr_decay","loss_function","batch_size","epochs","verbose","hidden_units","input_dim","dummy_val","model_name","run_id","dense_units","dense_dropout","lstm_units","channels","kernel_regularizer","initializer","conv_units","conv_activation","kernel_size","pool_size","conv_dropout","lstm_activation","lstm_dropout","pool_strides","dilation_rate","test_loss","test_acc","min_train_loss","max_train_acc","min_val_loss","max_val_acc"
"adam","0.001","0.001","categorical_crossentropy","128","10","2","[50, 100, 10]","784","10230.0","three-layer-fc-net","2018-03-09_04-52-39-three-layer-fc-net","","","","","","","","","","","","","","","","","","","","",""
"adam","0.001","0.001","categorical_crossentropy","128","10","2","[50, 100, 10]","784","10230.0","three-layer-fc-net","2018-03-09_04-53-36-three-layer-fc-net","","","","","","","","","","","","","","","","","","","","",""
"adam","0.0001","0.001","categorical_crossentropy","16","10","2","","(234, 1000, 22)","","StackedLSTM","2018-03-11_19-02-58-StackedLSTM","[1024, 1024]","0.4","","","","","","","","","","","","","","","","","","",""
"adam","0.001","0.0001","categorical_crossentropy","16","10","2","","(234, 1000, 22)","","StackedLSTM","2018-03-11_19-12-34-StackedLSTM","[1024, 256]","0.2","[128, 128, 128]","","","","","","","","","","","","","","","","","",""
"adam","1e-05","0.0001","categorical_crossentropy","16","10","2","","(234, 1000, 22)","","StackedLSTM","2018-03-11_19-29-16-StackedLSTM","[1024, 256]","0.2","[128, 128, 128]","","","","","","","","","","","","","","","","","",""
"adam","0.001","0.0001","categorical_crossentropy","16","10","2","","(234, 1000, 22)","","StackedLSTM","2018-03-11_19-41-42-StackedLSTM","[1024, 256]","0.2","[128]","","","","","","","","","","","","","","","","","",""
"sgd","0.0001","0.001","categorical_crossentropy","32","10","2","","(234, 1000, 6, 7, 1)","","CNNLSTM","2018-03-12_00-51-13-CNNLSTM","[1024]","","","","","","","","","","","","","","","","","","","",""
"sgd","0.0001","0.001","categorical_crossentropy","32","100","1","","(234, 1000, 6, 7, 1)","","CNNLSTM","2018-03-12_02-02-37-CNNLSTM","[1024]","","","","","","","","","","","","","","","","","","","",""
"adam","0.001","0.001","categorical_crossentropy","16","50","2","","(2073, 8, 6, 7, 3)","","CNNLSTM","2018-03-13_01-51-47-CNNLSTM","[]","0.4","[128]","3.0","0.001","he_normal","[32, 32]","relu","(2, 2)","(1, 1)","0.0","tanh","0.0","","","","","","","",""
"adam","0.001","0.001","categorical_crossentropy","16","50","2","","(2073, 8, 6, 7, 3)","","CNNLSTM","2018-03-13_02-23-33-CNNLSTM","[512]","0.5","[128]","3.0","0.001","he_normal","[32, 32, 64, 64]","relu","(2, 2)","(1, 1)","0.0","tanh","0.0","","","","","","","",""
"adam","0.001","0.001","categorical_crossentropy","16","50","2","","(234, 8, 6, 7, 3)","","CNNLSTM","2018-03-13_02-36-53-CNNLSTM","[512]","0.5","[256]","3.0","0.001","he_normal","[32, 32, 64, 64]","relu","(2, 2)","(1, 1)","0.0","tanh","0.0","","","","","","","",""
"adam","5e-05","0.001","categorical_crossentropy","32","300","2","","(2253, 8, 6, 7, 3)","","CNNLSTM","2018-03-15_12-53-30-CNNLSTM","[512]","0.5","[128]","3.0","0.0001","glorot_uniform","[64, 64]","relu","(2, 2)","(2, 2)","0.0","tanh","0.0","","","","","","","",""
"adam","0.001","0.001","categorical_crossentropy","32","300","1","","(2007, 8, 6, 7, 3)","","CNNLSTM","2018-03-15_20-48-27-CNNLSTM","[512]","0.0","[16]","3.0","0.0001","glorot_uniform","[16, 16]","relu","[2, 2]","[1, 2]","[0, 0]","tanh","0.0","[1, 2]","1.0","1.4081176710128784","0.42","1.0438525932727314","0.5535625309628162","1.3866105829170363","0.3493013975030172"
"adam","0.001","0.001","categorical_crossentropy","32","300","1","","(2007, 8, 6, 7, 3)","","CNNLSTM","2018-03-15_20-49-57-CNNLSTM","[512]","0.2","[16]","3.0","0.0001","glorot_uniform","[16, 16]","relu","[2, 2]","[1, 2]","[0, 0]","tanh","0.0","[1, 2]","1.0","1.6178483152389531","0.26000000059604644","1.0035170526960684","0.5739910315386264","1.32945731752171","0.4071856299322285"
"adam","0.001","0.001","categorical_crossentropy","32","300","1","","(2007, 8, 6, 7, 3)","","CNNLSTM","2018-03-15_20-51-24-CNNLSTM","[512]","0.4","[16]","3.0","0.0001","glorot_uniform","[16, 16]","relu","[2, 2]","[1, 2]","[0, 0]","tanh","0.0","[1, 2]","1.0","1.7143717575073243","0.3200000035762787","1.0161965836561553","0.5630293971695114","1.342513528888573","0.4111776459002923"
"adam","0.001","0.001","categorical_crossentropy","32","300","1","","(2007, 8, 6, 7, 3)","","CNNLSTM","2018-03-15_20-53-24-CNNLSTM","[1024]","0.0","[16]","3.0","0.0001","glorot_uniform","[16, 16]","relu","[2, 2]","[1, 2]","[0, 0]","tanh","0.0","[1, 2]","1.0","1.3427783012390138","0.38000000357627867","1.0105346948814202","0.5719980066786017","1.3144172591839485","0.387225549199624"
"adam","0.001","0.001","categorical_crossentropy","32","300","1","","(2007, 8, 6, 7, 3)","","CNNLSTM","2018-03-15_20-55-33-CNNLSTM","[1024]","0.2","[16]","3.0","0.0001","glorot_uniform","[16, 16]","relu","[2, 2]","[1, 2]","[0, 0]","tanh","0.0","[1, 2]","1.0","1.572760453224182","0.46","0.9494221710006456","0.5994020928241272","1.330451660289498","0.38323353335053145"
"adam","0.001","0.001","categorical_crossentropy","32","300","1","","(2007, 8, 6, 7, 3)","","CNNLSTM","2018-03-15_20-57-24-CNNLSTM","[1024]","0.4","[16]","3.0","0.0001","glorot_uniform","[16, 16]","relu","[2, 2]","[1, 2]","[0, 0]","tanh","0.0","[1, 2]","1.0","1.2676140785217285","0.48","1.0895517939171746","0.5386148478833965","1.3427927974693314","0.3812375251285568"
"adam","0.001","0.001","categorical_crossentropy","32","300","1","","(2007, 8, 6, 7, 3)","","CNNLSTM","2018-03-15_21-00-10-CNNLSTM","[512]","0.0","[16]","3.0","0.0001","glorot_uniform","[16, 16]","relu","[2, 2]","[1, 2]","[0, 0]","tanh","0.2","[1, 2]","1.0","1.2461689043045043","0.4599999976158142","1.184387521002503","0.47882411543207504","1.3463136267043396","0.3712574852083971"
"adam","0.001","0.001","categorical_crossentropy","32","300","1","","(2007, 8, 6, 7, 3)","","CNNLSTM","2018-03-15_21-02-34-CNNLSTM","[512]","0.2","[16]","3.0","0.0001","glorot_uniform","[16, 16]","relu","[2, 2]","[1, 2]","[0, 0]","tanh","0.2","[1, 2]","1.0","1.3816080141067504","0.3000000035762787","1.2387970589736117","0.4374688588450308","1.339392741997085","0.3872255493185953"
"adam","0.001","0.001","categorical_crossentropy","32","300","1","","(2007, 8, 6, 7, 3)","","CNNLSTM","2018-03-15_21-05-52-CNNLSTM","[512]","0.4","[16]","3.0","0.0001","glorot_uniform","[16, 16]","relu","[2, 2]","[1, 2]","[0, 0]","tanh","0.2","[1, 2]","1.0","1.3408767652511595","0.4000000035762787","1.1729365597925914","0.4793223716396566","1.2903613458850427","0.4211576857014807"
"adam","0.001","0.001","categorical_crossentropy","32","300","1","","(2007, 8, 6, 7, 3)","","CNNLSTM","2018-03-15_21-08-03-CNNLSTM","[1024]","0.0","[16]","3.0","0.0001","glorot_uniform","[16, 16]","relu","[2, 2]","[1, 2]","[0, 0]","tanh","0.2","[1, 2]","1.0","1.4857298469543456","0.3000000035762787","1.2264415233005739","0.4474339810068713","1.3644132302430814","0.34930139738404586"
"adam","0.001","0.001","categorical_crossentropy","32","300","1","","(2007, 8, 6, 7, 3)","","CNNLSTM","2018-03-15_21-09-46-CNNLSTM","[1024]","0.2","[16]","3.0","0.0001","glorot_uniform","[16, 16]","relu","[2, 2]","[1, 2]","[0, 0]","tanh","0.2","[1, 2]","1.0","1.4655817747116089","0.20000000059604645","1.343190217410146","0.34728450405698663","1.37057861477553","0.3273453099166086"
"adam","0.001","0.001","categorical_crossentropy","32","300","1","","(2007, 8, 6, 7, 3)","","CNNLSTM","2018-03-15_21-12-40-CNNLSTM","[1024]","0.4","[16]","3.0","0.0001","glorot_uniform","[16, 16]","relu","[2, 2]","[1, 2]","[0, 0]","tanh","0.2","[1, 2]","1.0","1.361945481300354","0.2400000017881393","1.2125128796876339","0.4564025907535487","1.3560031064732108","0.3512974053680778"
"adam","0.001","0.001","categorical_crossentropy","32","300","1","","(2007, 8, 6, 7, 3)","","CNNLSTM","2018-03-15_21-14-12-CNNLSTM","[512]","0.0","[32]","3.0","0.0001","glorot_uniform","[16, 16]","relu","[2, 2]","[1, 2]","[0, 0]","tanh","0.0","[1, 2]","1.0","1.7451765727996826","0.3800000011920929","0.8957273704707474","0.6457399101505603","1.3704192700262317","0.3852295419889058"
"adam","0.001","0.001","categorical_crossentropy","32","300","1","","(2007, 8, 6, 7, 3)","","CNNLSTM","2018-03-15_21-15-29-CNNLSTM","[512]","0.2","[32]","3.0","0.0001","glorot_uniform","[16, 16]","relu","[2, 2]","[1, 2]","[0, 0]","tanh","0.0","[1, 2]","1.0","1.6227732181549073","0.3600000035762787","1.0160055507399517","0.5739910311822459","1.339235032865863","0.3912175660599729"
"adam","0.001","0.001","categorical_crossentropy","32","300","1","","(2007, 8, 6, 7, 3)","","CNNLSTM","2018-03-15_21-17-19-CNNLSTM","[512]","0.4","[32]","3.0","0.0001","glorot_uniform","[16, 16]","relu","[2, 2]","[1, 2]","[0, 0]","tanh","0.0","[1, 2]","1.0","1.4333761405944825","0.4000000005960465","0.9368002335111716","0.6078724462889771","1.303705835056876","0.4111776459002923"
"adam","0.001","0.001","categorical_crossentropy","32","300","1","","(2007, 8, 6, 7, 3)","","CNNLSTM","2018-03-15_21-19-11-CNNLSTM","[1024]","0.0","[32]","3.0","0.0001","glorot_uniform","[16, 16]","relu","[2, 2]","[1, 2]","[0, 0]","tanh","0.0","[1, 2]","1.0","1.8289539766311649","0.4200000023841858","0.9023605569061144","0.62531141012417","1.3844363208778363","0.4031936138451932"
"adam","0.001","0.001","categorical_crossentropy","32","300","1","","(2007, 8, 6, 7, 3)","","CNNLSTM","2018-03-15_21-20-53-CNNLSTM","[1024]","0.2","[32]","3.0","0.0001","glorot_uniform","[16, 16]","relu","[2, 2]","[1, 2]","[0, 0]","tanh","0.0","[1, 2]","1.0","1.5229621696472169","0.3000000005960464","0.9596812075860596","0.6078724465859607","1.3895518482326272","0.3672654691213619"
"adam","0.001","0.001","categorical_crossentropy","32","300","1","","(2007, 8, 6, 7, 3)","","CNNLSTM","2018-03-15_21-22-14-CNNLSTM","[1024]","0.4","[32]","3.0","0.0001","glorot_uniform","[16, 16]","relu","[2, 2]","[1, 2]","[0, 0]","tanh","0.0","[1, 2]","1.0","1.1978939580917358","0.4799999976158142","1.0942860899365952","0.5291479822112721","1.3889764366511574","0.36327345428352587"
"adam","0.001","0.001","categorical_crossentropy","32","300","1","","(2007, 8, 6, 7, 3)","","CNNLSTM","2018-03-15_21-24-21-CNNLSTM","[512]","0.0","[32]","3.0","0.0001","glorot_uniform","[16, 16]","relu","[2, 2]","[1, 2]","[0, 0]","tanh","0.2","[1, 2]","1.0","1.2855099248886108","0.4000000047683716","1.1257735909546078","0.5072247133393993","1.3327572957246363","0.4011976052068189"
"adam","0.001","0.001","categorical_crossentropy","32","300","1","","(2007, 8, 6, 7, 3)","","CNNLSTM","2018-03-15_21-26-17-CNNLSTM","[512]","0.2","[32]","3.0","0.0001","glorot_uniform","[16, 16]","relu","[2, 2]","[1, 2]","[0, 0]","tanh","0.2","[1, 2]","1.0","1.3890977811813354","0.3400000023841858","1.148605466898722","0.5017438965112223","1.332630986700991","0.3892215569457132"
"adam","0.001","0.001","categorical_crossentropy","32","300","1","","(2007, 8, 6, 7, 3)","","CNNLSTM","2018-03-15_21-28-43-CNNLSTM","[512]","0.4","[32]","3.0","0.0001","glorot_uniform","[16, 16]","relu","[2, 2]","[1, 2]","[0, 0]","tanh","0.2","[1, 2]","1.0","1.3370008754730225","0.38000000357627867","1.1393762870873154","0.4947683109860546","1.3165140504132726","0.3852295421078771"
"adam","0.001","0.001","categorical_crossentropy","32","300","1","","(2007, 8, 6, 7, 3)","","CNNLSTM","2018-03-15_21-31-07-CNNLSTM","[1024]","0.0","[32]","3.0","0.0001","glorot_uniform","[16, 16]","relu","[2, 2]","[1, 2]","[0, 0]","tanh","0.2","[1, 2]","1.0","1.3598219966888427","0.3800000011920929","1.1591390115322613","0.4957648230745356","1.3706762310035692","0.3612774460615512"
"adam","0.001","0.001","categorical_crossentropy","32","300","1","","(2007, 8, 6, 7, 3)","","CNNLSTM","2018-03-15_21-33-59-CNNLSTM","[1024]","0.2","[32]","3.0","0.0001","glorot_uniform","[16, 16]","relu","[2, 2]","[1, 2]","[0, 0]","tanh","0.2","[1, 2]","1.0","1.3114291954040531","0.3400000035762787","1.155362580210995","0.502242152169384","1.324262200001471","0.3892215569457132"
"adam","0.001","0.001","categorical_crossentropy","32","300","1","","(2007, 8, 6, 7, 3)","","CNNLSTM","2018-03-15_21-38-23-CNNLSTM","[1024]","0.4","[32]","3.0","0.0001","glorot_uniform","[16, 16]","relu","[2, 2]","[1, 2]","[0, 0]","tanh","0.2","[1, 2]","1.0","1.3499795055389403","0.3600000011920929","1.1426024565841644","0.4977578474890847","1.3102379304444245","0.3992015968658729"
"adam","0.001","0.001","categorical_crossentropy","32","300","1","","(2007, 8, 6, 7, 3)","","CNNLSTM","2018-03-15_21-40-12-CNNLSTM","[512]","0.0","[64]","3.0","0.0001","glorot_uniform","[16, 16]","relu","[2, 2]","[1, 2]","[0, 0]","tanh","0.0","[1, 2]","1.0","1.8647671604156493","0.38000000357627867","0.7904015649119359","0.6950672646036894","1.4228350216757035","0.37325349319242906"
"adam","0.001","0.001","categorical_crossentropy","32","300","1","","(2007, 8, 6, 7, 3)","","CNNLSTM","2018-03-15_21-41-45-CNNLSTM","[512]","0.2","[64]","3.0","0.0001","glorot_uniform","[16, 16]","relu","[2, 2]","[1, 2]","[0, 0]","tanh","0.0","[1, 2]","1.0","1.6488145637512206","0.3600000023841858","0.8388933881218895","0.6716492277327377","1.3601985394121885","0.3692614773433365"
"adam","0.001","0.001","categorical_crossentropy","32","300","1","","(2007, 8, 6, 7, 3)","","CNNLSTM","2018-03-15_21-43-31-CNNLSTM","[512]","0.4","[64]","3.0","0.0001","glorot_uniform","[16, 16]","relu","[2, 2]","[1, 2]","[0, 0]","tanh","0.0","[1, 2]","1.0","1.5783436012268066","0.3600000023841858","0.8879647180400919","0.6452416540320738","1.3358082828407516","0.3832335331125887"
"adam","0.001","0.001","categorical_crossentropy","32","300","1","","(2007, 8, 6, 7, 3)","","CNNLSTM","2018-03-15_21-45-05-CNNLSTM","[1024]","0.0","[64]","3.0","0.0001","glorot_uniform","[16, 16]","relu","[2, 2]","[1, 2]","[0, 0]","tanh","0.0","[1, 2]","1.0","2.0927297115325927","0.3000000047683716","1.030763629959422","0.5710014947089141","1.4439452796163197","0.3932135730327485"
"adam","0.001","0.001","categorical_crossentropy","32","300","1","","(2007, 8, 6, 7, 3)","","CNNLSTM","2018-03-15_21-46-52-CNNLSTM","[1024]","0.2","[64]","3.0","0.0001","glorot_uniform","[16, 16]","relu","[2, 2]","[1, 2]","[0, 0]","tanh","0.0","[1, 2]","1.0","1.4628499794006349","0.4000000011920929","0.8888119111681199","0.6532137518239128","1.3703287766127292","0.4091816370239753"
"adam","0.001","0.001","categorical_crossentropy","32","300","1","","(2007, 8, 6, 7, 3)","","CNNLSTM","2018-03-15_21-49-20-CNNLSTM","[1024]","0.4","[64]","3.0","0.0001","glorot_uniform","[16, 16]","relu","[2, 2]","[1, 2]","[0, 0]","tanh","0.0","[1, 2]","1.0","1.5806861925125122","0.4000000035762787","0.7927630373240111","0.6995515692097427","1.3377239030754258","0.39920159698484425"
"adam","0.001","0.001","categorical_crossentropy","32","300","1","","(2007, 8, 6, 7, 3)","","CNNLSTM","2018-03-15_21-51-15-CNNLSTM","[512]","0.0","[64]","3.0","0.0001","glorot_uniform","[16, 16]","relu","[2, 2]","[1, 2]","[0, 0]","tanh","0.2","[1, 2]","1.0","1.319017186164856","0.4400000011920929","1.1371762833906516","0.5102142501988101","1.3555327606296348","0.3952095817900941"
"adam","0.001","0.001","categorical_crossentropy","32","300","1","","(2007, 8, 6, 7, 3)","","CNNLSTM","2018-03-15_21-53-38-CNNLSTM","[512]","0.2","[64]","3.0","0.0001","glorot_uniform","[16, 16]","relu","[2, 2]","[1, 2]","[0, 0]","tanh","0.2","[1, 2]","1.0","1.2529179668426509","0.4400000011920929","1.145499116369427","0.502242152406971","1.3352054443188055","0.39920159698484425"
"adam","0.001","0.001","categorical_crossentropy","32","300","1","","(2007, 8, 6, 7, 3)","","CNNLSTM","2018-03-15_21-56-27-CNNLSTM","[512]","0.4","[64]","3.0","0.0001","glorot_uniform","[16, 16]","relu","[2, 2]","[1, 2]","[0, 0]","tanh","0.2","[1, 2]","1.0","1.317306261062622","0.4400000047683716","1.1414658271915947","0.5186846037082073","1.3172518474137236","0.3892215571836559"
"adam","0.001","0.001","categorical_crossentropy","32","300","1","","(2007, 8, 6, 7, 3)","","CNNLSTM","2018-03-15_21-58-46-CNNLSTM","[1024]","0.0","[64]","3.0","0.0001","glorot_uniform","[16, 16]","relu","[2, 2]","[1, 2]","[0, 0]","tanh","0.2","[1, 2]","1.0","1.67982901096344","0.26000000059604644","1.1134674218856822","0.5236671647445801","1.3863460644038614","0.34930139738404586"
"adam","0.001","0.001","categorical_crossentropy","32","300","1","","(2007, 8, 6, 7, 3)","","CNNLSTM","2018-03-15_22-01-27-CNNLSTM","[1024]","0.2","[64]","3.0","0.0001","glorot_uniform","[16, 16]","relu","[2, 2]","[1, 2]","[0, 0]","tanh","0.2","[1, 2]","1.0","1.4965801811218262","0.2800000035762787","1.1137892760384658","0.5221723965673111","1.3521582958940974","0.3592814381964906"
"adam","0.001","0.001","categorical_crossentropy","32","300","1","","(2007, 8, 6, 7, 3)","","CNNLSTM","2018-03-15_22-04-55-CNNLSTM","[1024]","0.4","[64]","3.0","0.0001","glorot_uniform","[16, 16]","relu","[2, 2]","[1, 2]","[0, 0]","tanh","0.2","[1, 2]","1.0","1.3509431409835817","0.38000000357627867","1.208210929923825","0.4753363227214633","1.3413661646985722","0.3812375252475282"
"adam","0.001","0.001","categorical_crossentropy","32","300","1","","(2007, 8, 6, 7, 3)","","CNNLSTM","2018-03-15_22-06-18-CNNLSTM","[512]","0.0","[128]","3.0","0.0001","glorot_uniform","[16, 16]","relu","[2, 2]","[1, 2]","[0, 0]","tanh","0.0","[1, 2]","1.0","1.3999042892456055","0.4200000011920929","0.9233270250390759","0.6427503735138874","1.4217878587231665","0.3772455091604929"
"adam","0.001","0.001","categorical_crossentropy","32","300","1","","(2007, 8, 6, 7, 3)","","CNNLSTM","2018-03-15_22-08-00-CNNLSTM","[512]","0.2","[128]","3.0","0.0001","glorot_uniform","[16, 16]","relu","[2, 2]","[1, 2]","[0, 0]","tanh","0.0","[1, 2]","1.0","1.642290744781494","0.36","0.7431674316918963","0.7154957648528174","1.3648105183999222","0.38922155807594105"
"adam","0.001","0.001","categorical_crossentropy","32","300","1","","(2007, 8, 6, 7, 3)","","CNNLSTM","2018-03-15_22-10-21-CNNLSTM","[512]","0.4","[128]","3.0","0.0001","glorot_uniform","[16, 16]","relu","[2, 2]","[1, 2]","[0, 0]","tanh","0.0","[1, 2]","1.0","1.2421800327301025","0.5","0.9411709397719402","0.6327852515599356","1.3571172107955416","0.3932135732706911"
"adam","0.001","0.001","categorical_crossentropy","32","300","1","","(2007, 8, 6, 7, 3)","","CNNLSTM","2018-03-15_22-12-33-CNNLSTM","[1024]","0.0","[128]","3.0","0.0001","glorot_uniform","[16, 16]","relu","[2, 2]","[1, 2]","[0, 0]","tanh","0.0","[1, 2]","1.0","3.1670728397369383","0.2400000035762787","0.8368652484639105","0.6801195813757778","1.474300418071404","0.3692614782356217"
"adam","0.001","0.001","categorical_crossentropy","32","300","1","","(2007, 8, 6, 7, 3)","","CNNLSTM","2018-03-15_22-14-47-CNNLSTM","[1024]","0.2","[128]","3.0","0.0001","glorot_uniform","[16, 16]","relu","[2, 2]","[1, 2]","[0, 0]","tanh","0.0","[1, 2]","1.0","1.4652085208892822","0.42","0.7644118642593178","0.7075236670758276","1.3816682226405648","0.3932135730327485"
"adam","0.001","0.001","categorical_crossentropy","32","300","1","","(2007, 8, 6, 7, 3)","","CNNLSTM","2018-03-15_22-17-14-CNNLSTM","[1024]","0.4","[128]","3.0","0.0001","glorot_uniform","[16, 16]","relu","[2, 2]","[1, 2]","[0, 0]","tanh","0.0","[1, 2]","1.0","1.5652941226959232","0.42","0.8465776760066156","0.6706527157333518","1.3532775107496038","0.439121756665483"
"adam","0.001","0.001","categorical_crossentropy","32","300","1","","(2007, 8, 6, 7, 3)","","CNNLSTM","2018-03-15_22-19-09-CNNLSTM","[512]","0.0","[128]","3.0","0.0001","glorot_uniform","[16, 16]","relu","[2, 2]","[1, 2]","[0, 0]","tanh","0.2","[1, 2]","1.0","2.419401979446411","0.1800000002980232","1.1303676261079805","0.5246636771894416","1.3978478113810222","0.35329341347108106"
"adam","0.001","0.001","categorical_crossentropy","32","300","1","","(2007, 8, 6, 7, 3)","","CNNLSTM","2018-03-15_22-21-38-CNNLSTM","[512]","0.2","[128]","3.0","0.0001","glorot_uniform","[16, 16]","relu","[2, 2]","[1, 2]","[0, 0]","tanh","0.2","[1, 2]","1.0","1.3503965330123902","0.4000000035762787","1.0848219631676894","0.5455904331858263","1.3384524650440484","0.377245509695864"
"adam","0.001","0.001","categorical_crossentropy","32","300","1","","(2007, 8, 6, 7, 3)","","CNNLSTM","2018-03-15_22-25-20-CNNLSTM","[512]","0.4","[128]","3.0","0.0001","glorot_uniform","[16, 16]","relu","[2, 2]","[1, 2]","[0, 0]","tanh","0.2","[1, 2]","1.0","1.281679754257202","0.46","1.0913891679443526","0.5470852016452301","1.3302070547244744","0.39520958089780905"
"adam","0.001","0.001","categorical_crossentropy","32","300","1","","(2007, 8, 6, 7, 3)","","CNNLSTM","2018-03-15_22-27-47-CNNLSTM","[1024]","0.0","[128]","3.0","0.0001","glorot_uniform","[16, 16]","relu","[2, 2]","[1, 2]","[0, 0]","tanh","0.2","[1, 2]","1.0","2.619885959625244","0.20000000059604645","1.126260863410102","0.5341305431585497","1.4334455650009794","0.3652694613752727"
"adam","0.001","0.001","categorical_crossentropy","32","300","1","","(2007, 8, 6, 7, 3)","","CNNLSTM","2018-03-15_22-31-42-CNNLSTM","[1024]","0.2","[128]","3.0","0.0001","glorot_uniform","[16, 16]","relu","[2, 2]","[1, 2]","[0, 0]","tanh","0.2","[1, 2]","1.0","1.37955614566803","0.38000000357627867","1.1358892456120262","0.5236671648782227","1.3447671674206825","0.3812375254854709"
"adam","0.001","0.001","categorical_crossentropy","32","300","1","","(2007, 8, 6, 7, 3)","","CNNLSTM","2018-03-15_22-35-52-CNNLSTM","[1024]","0.4","[128]","3.0","0.0001","glorot_uniform","[16, 16]","relu","[2, 2]","[1, 2]","[0, 0]","tanh","0.2","[1, 2]","1.0","1.3757135057449341","0.4000000023841858","1.0830875584065884","0.5560538114958518","1.3182821861522165","0.3992015971038156"
"adam","0.001","0.001","categorical_crossentropy","32","300","1","","(2007, 8, 6, 7, 3)","","CNNLSTM","2018-03-15_22-40-32-CNNLSTM","[512]","0.0","[16]","3.0","0.0001","glorot_uniform","[16, 16]","relu","[2, 2]","[1, 2]","[0.2, 0.2]","tanh","0.0","[1, 2]","1.0","1.317865982055664","0.38","1.220133311961145","0.4573991031093151","1.329286256712116","0.3772455091604929"
"adam","0.001","0.001","categorical_crossentropy","32","300","1","","(2007, 8, 6, 7, 3)","","CNNLSTM","2018-03-15_22-44-54-CNNLSTM","[512]","0.2","[16]","3.0","0.0001","glorot_uniform","[16, 16]","relu","[2, 2]","[1, 2]","[0.2, 0.2]","tanh","0.0","[1, 2]","1.0","1.4831754493713378","0.2800000011920929","1.269599766534065","0.415047334285298","1.3264530475981935","0.3532934142443948"
"adam","0.001","0.001","categorical_crossentropy","32","300","1","","(2007, 8, 6, 7, 3)","","CNNLSTM","2018-03-15_22-49-50-CNNLSTM","[512]","0.4","[16]","3.0","0.0001","glorot_uniform","[16, 16]","relu","[2, 2]","[1, 2]","[0.2, 0.2]","tanh","0.0","[1, 2]","1.0","1.265348253250122","0.5000000071525573","1.236648283791174","0.4404583954668544","1.3107681885926783","0.3692614772243652"
"adam","0.001","0.001","categorical_crossentropy","32","300","1","","(2007, 8, 6, 7, 3)","","CNNLSTM","2018-03-15_22-54-10-CNNLSTM","[1024]","0.0","[16]","3.0","0.0001","glorot_uniform","[16, 16]","relu","[2, 2]","[1, 2]","[0.2, 0.2]","tanh","0.0","[1, 2]","1.0","1.334255952835083","0.3800000011920929","1.258901252637292","0.4235176880322824","1.321228069221664","0.3712574853273685"
"adam","0.001","0.001","categorical_crossentropy","32","300","1","","(2007, 8, 6, 7, 3)","","CNNLSTM","2018-03-15_22-59-19-CNNLSTM","[1024]","0.2","[16]","3.0","0.0001","glorot_uniform","[16, 16]","relu","[2, 2]","[1, 2]","[0.2, 0.2]","tanh","0.0","[1, 2]","1.0","1.398550591468811","0.34","1.2249695209347318","0.452914798042937","1.3355716776229187","0.3692614773433365"
"adam","0.001","0.001","categorical_crossentropy","32","300","1","","(2007, 8, 6, 7, 3)","","CNNLSTM","2018-03-15_23-05-13-CNNLSTM","[1024]","0.4","[16]","3.0","0.0001","glorot_uniform","[16, 16]","relu","[2, 2]","[1, 2]","[0.2, 0.2]","tanh","0.0","[1, 2]","1.0","1.2616010427474975","0.46","1.2012835338333083","0.4549078225762795","1.3155164735283915","0.3772455091604929"
"adam","0.001","0.001","categorical_crossentropy","32","300","1","","(2007, 8, 6, 7, 3)","","CNNLSTM","2018-03-15_23-12-00-CNNLSTM","[512]","0.0","[16]","3.0","0.0001","glorot_uniform","[16, 16]","relu","[2, 2]","[1, 2]","[0.2, 0.2]","tanh","0.2","[1, 2]","1.0","1.3871043586730958","0.3600000095367432","1.309428712474688","0.3801694071494826","1.3409695768070793","0.3672654691213619"
"adam","0.001","0.001","categorical_crossentropy","32","300","1","","(2007, 8, 6, 7, 3)","","CNNLSTM","2018-03-15_23-15-15-CNNLSTM","[512]","0.2","[16]","3.0","0.0001","glorot_uniform","[16, 16]","relu","[2, 2]","[1, 2]","[0.2, 0.2]","tanh","0.2","[1, 2]","1.0","1.4032266283035275","0.3000000023841858","1.391432261906516","0.2874937717690061","1.3859568741507158","0.3133732539094137"
"adam","0.001","0.001","categorical_crossentropy","32","300","1","","(2007, 8, 6, 7, 3)","","CNNLSTM","2018-03-15_23-17-31-CNNLSTM","[512]","0.4","[16]","3.0","0.0001","glorot_uniform","[16, 16]","relu","[2, 2]","[1, 2]","[0.2, 0.2]","tanh","0.2","[1, 2]","1.0","1.412615180015564","0.2600000023841858","1.392115567594128","0.2864972595617316","1.3847576815211131","0.3213572857265701"
"adam","0.001","0.001","categorical_crossentropy","32","300","1","","(2007, 8, 6, 7, 3)","","CNNLSTM","2018-03-15_23-20-38-CNNLSTM","[1024]","0.0","[16]","3.0","0.0001","glorot_uniform","[16, 16]","relu","[2, 2]","[1, 2]","[0.2, 0.2]","tanh","0.2","[1, 2]","1.0","1.3599852418899536","0.3","1.369133882577228","0.3328350770812042","1.3862994778418019","0.3193612778615095"
"adam","0.001","0.001","categorical_crossentropy","32","300","1","","(2007, 8, 6, 7, 3)","","CNNLSTM","2018-03-15_23-23-28-CNNLSTM","[1024]","0.2","[16]","3.0","0.0001","glorot_uniform","[16, 16]","relu","[2, 2]","[1, 2]","[0.2, 0.2]","tanh","0.2","[1, 2]","1.0","1.4119812917709351","0.18000000178813935","1.3955644089960613","0.2939711012202349","1.3869341228774446","0.3213572859645128"
"adam","0.001","0.001","categorical_crossentropy","32","300","1","","(2007, 8, 6, 7, 3)","","CNNLSTM","2018-03-15_23-33-25-CNNLSTM","[1024]","0.4","[16]","3.0","0.0001","glorot_uniform","[16, 16]","relu","[2, 2]","[1, 2]","[0.2, 0.2]","tanh","0.2","[1, 2]","1.0","1.3736326026916503","0.3400000023841858","1.290395559810796","0.4040857001092224","1.3236750078772357","0.35728542920120226"
"adam","0.001","0.001","categorical_crossentropy","32","300","1","","(2007, 8, 6, 7, 3)","","CNNLSTM","2018-03-15_23-38-34-CNNLSTM","[512]","0.0","[32]","3.0","0.0001","glorot_uniform","[16, 16]","relu","[2, 2]","[1, 2]","[0.2, 0.2]","tanh","0.0","[1, 2]","1.0","1.3399077224731446","0.3800000011920929","1.1791454979478868","0.4798206276541987","1.33164817725351","0.37325349319242906"
"adam","0.001","0.001","categorical_crossentropy","32","300","1","","(2007, 8, 6, 7, 3)","","CNNLSTM","2018-03-15_23-43-19-CNNLSTM","[512]","0.2","[32]","3.0","0.0001","glorot_uniform","[16, 16]","relu","[2, 2]","[1, 2]","[0.2, 0.2]","tanh","0.0","[1, 2]","1.0","1.3386566400527955","0.4000000011920929","1.161767814933927","0.5002491282003105","1.3437197286925628","0.3692614772243652"
"adam","0.001","0.001","categorical_crossentropy","32","300","1","","(2007, 8, 6, 7, 3)","","CNNLSTM","2018-03-15_23-47-03-CNNLSTM","[512]","0.4","[32]","3.0","0.0001","glorot_uniform","[16, 16]","relu","[2, 2]","[1, 2]","[0.2, 0.2]","tanh","0.0","[1, 2]","1.0","1.315232229232788","0.4600000095367432","1.246437270307517","0.4280019929650178","1.3335736197625805","0.3752495010574897"
"adam","0.001","0.001","categorical_crossentropy","32","300","1","","(2007, 8, 6, 7, 3)","","CNNLSTM","2018-03-15_23-50-30-CNNLSTM","[1024]","0.0","[32]","3.0","0.0001","glorot_uniform","[16, 16]","relu","[2, 2]","[1, 2]","[0.2, 0.2]","tanh","0.0","[1, 2]","1.0","1.5157534885406494","0.3600000011920929","1.245833384972873","0.44145490765927975","1.3474509366258176","0.36526946113733"
"adam","0.001","0.001","categorical_crossentropy","32","300","1","","(2007, 8, 6, 7, 3)","","CNNLSTM","2018-03-15_23-55-28-CNNLSTM","[1024]","0.2","[32]","3.0","0.0001","glorot_uniform","[16, 16]","relu","[2, 2]","[1, 2]","[0.2, 0.2]","tanh","0.0","[1, 2]","1.0","1.3317712020874024","0.4400000011920929","1.191952279092782","0.47732934734390103","1.3509386114017692","0.35728542920120226"
"adam","0.001","0.001","categorical_crossentropy","32","300","1","","(2007, 8, 6, 7, 3)","","CNNLSTM","2018-03-15_23-59-14-CNNLSTM","[1024]","0.4","[32]","3.0","0.0001","glorot_uniform","[16, 16]","relu","[2, 2]","[1, 2]","[0.2, 0.2]","tanh","0.0","[1, 2]","1.0","1.3357714796066285","0.3400000011920929","1.2414466398654438","0.4374688589489751","1.3484162599026799","0.3652694622675578"
"adam","0.001","0.001","categorical_crossentropy","32","300","1","","(2007, 8, 6, 7, 3)","","CNNLSTM","2018-03-16_00-01-37-CNNLSTM","[512]","0.0","[32]","3.0","0.0001","glorot_uniform","[16, 16]","relu","[2, 2]","[1, 2]","[0.2, 0.2]","tanh","0.2","[1, 2]","1.0","1.4136164426803588","0.2800000047683716","1.3748622071285657","0.3278525162675693","1.386436148555931","0.3133732535524996"
"adam","0.001","0.001","categorical_crossentropy","32","300","1","","(2007, 8, 6, 7, 3)","","CNNLSTM","2018-03-16_00-07-30-CNNLSTM","[512]","0.2","[32]","3.0","0.0001","glorot_uniform","[16, 16]","relu","[2, 2]","[1, 2]","[0.2, 0.2]","tanh","0.2","[1, 2]","1.0","1.4119870901107787","0.2600000011920929","1.3032396754995177","0.4015944193682982","1.3420481805553932","0.3692614774623079"
"adam","0.001","0.001","categorical_crossentropy","32","300","1","","(2007, 8, 6, 7, 3)","","CNNLSTM","2018-03-16_00-09-59-CNNLSTM","[512]","0.4","[32]","3.0","0.0001","glorot_uniform","[16, 16]","relu","[2, 2]","[1, 2]","[0.2, 0.2]","tanh","0.2","[1, 2]","1.0","1.3805677795410156","0.3200000011920929","1.3850630637004","0.30842052812177145","1.3862282618315158","0.3273453097976373"
"adam","0.001","0.001","categorical_crossentropy","32","300","1","","(2007, 8, 6, 7, 3)","","CNNLSTM","2018-03-16_00-17-46-CNNLSTM","[1024]","0.0","[32]","3.0","0.0001","glorot_uniform","[16, 16]","relu","[2, 2]","[1, 2]","[0.2, 0.2]","tanh","0.2","[1, 2]","1.0","1.4188650751113892","0.3200000023841858","1.3048929278388448","0.4035874439016408","1.3584829526033229","0.34331337343195"
"adam","0.0001","0.001","categorical_crossentropy","32","300","1","","(2007, 8, 6, 7, 3)","","CNNLSTM","2018-03-16_00-25-22-CNNLSTM","[512]","0.2","[32]","3.0","0.0001","glorot_uniform","[32, 64, 128]","relu","[2, 2]","[1, 2, 1]","[0, 0, 0]","tanh","0.0","[1, 2, 1]","1.0","1.5477420711517331","0.3000000035762787","1.1453166895383142","0.521674140330031","1.351363625593052","0.3932135739250335"
"adam","0.0001","0.001","categorical_crossentropy","32","300","1","","(2007, 8, 6, 7, 3)","","CNNLSTM","2018-03-16_00-32-31-CNNLSTM","[512]","0.4","[32]","3.0","0.0001","glorot_uniform","[32, 64, 128]","relu","[2, 2]","[1, 2, 1]","[0, 0, 0]","tanh","0.0","[1, 2, 1]","1.0","1.3821121263504028","0.4200000047683716","1.1099298122396026","0.5371200794239928","1.3420186142721575","0.3892215569457132"
"adam","0.0001","0.001","categorical_crossentropy","32","300","1","","(2007, 8, 6, 7, 3)","","CNNLSTM","2018-03-16_00-37-50-CNNLSTM","[1024]","0.2","[32]","3.0","0.0001","glorot_uniform","[32, 64, 128]","relu","[2, 2]","[1, 2, 1]","[0, 0, 0]","tanh","0.0","[1, 2, 1]","1.0","1.3459062623977658","0.44000000357627866","1.0797249296142737","0.5570503238070706","1.3561155810327588","0.3832335329936174"
"adam","0.0001","0.001","categorical_crossentropy","32","300","1","","(2007, 8, 6, 7, 3)","","CNNLSTM","2018-03-16_00-42-54-CNNLSTM","[1024]","0.4","[32]","3.0","0.0001","glorot_uniform","[32, 64, 128]","relu","[2, 2]","[1, 2, 1]","[0, 0, 0]","tanh","0.0","[1, 2, 1]","1.0","1.2893897914886474","0.38000000357627867","1.1175834385684669","0.5311410061803455","1.3295478087937285","0.3892215579569697"
"adam","0.0001","0.001","categorical_crossentropy","32","300","1","","(2007, 8, 6, 7, 3)","","CNNLSTM","2018-03-16_00-51-53-CNNLSTM","[512]","0.2","[32]","3.0","0.0001","glorot_uniform","[32, 64, 128]","relu","[2, 2]","[1, 2, 1]","[0, 0, 0]","tanh","0.2","[1, 2, 1]","1.0","1.3847460794448851","0.3000000035762787","1.3117992662943947","0.4070752367458952","1.3660749606267657","0.3512974063793342"
"adam","0.0001","0.001","categorical_crossentropy","32","300","1","","(2007, 8, 6, 7, 3)","","CNNLSTM","2018-03-16_01-03-30-CNNLSTM","[512]","0.4","[32]","3.0","0.0001","glorot_uniform","[32, 64, 128]","relu","[2, 2]","[1, 2, 1]","[0, 0, 0]","tanh","0.2","[1, 2, 1]","1.0","1.3787914943695068","0.3600000023841858","1.245536177207061","0.45690084709477297","1.3430608358687746","0.355289421455113"
"adam","0.0001","0.001","categorical_crossentropy","32","300","1","","(2007, 8, 6, 7, 3)","","CNNLSTM","2018-03-16_01-14-05-CNNLSTM","[1024]","0.2","[32]","3.0","0.0001","glorot_uniform","[32, 64, 128]","relu","[2, 2]","[1, 2, 1]","[0, 0, 0]","tanh","0.2","[1, 2, 1]","1.0","1.3241952514648438","0.3200000035762787","1.2395229220806097","0.4598903834790095","1.3424908134513749","0.3612774452882375"
"adam","0.0001","0.001","categorical_crossentropy","32","300","1","","(2007, 8, 6, 7, 3)","","CNNLSTM","2018-03-16_01-25-06-CNNLSTM","[1024]","0.4","[32]","3.0","0.0001","glorot_uniform","[32, 64, 128]","relu","[2, 2]","[1, 2, 1]","[0, 0, 0]","tanh","0.2","[1, 2, 1]","1.0","1.306059718132019","0.4600000095367432","1.2510615750575576","0.44942700531747604","1.3490023296512292","0.3652694612563013"
"adam","0.0001","0.001","categorical_crossentropy","32","300","1","","(2007, 8, 6, 7, 3)","","CNNLSTM","2018-03-16_01-30-12-CNNLSTM","[512]","0.2","[64]","3.0","0.0001","glorot_uniform","[32, 64, 128]","relu","[2, 2]","[1, 2, 1]","[0, 0, 0]","tanh","0.0","[1, 2, 1]","1.0","1.306640362739563","0.4600000011920929","1.0600304370147409","0.5854509215956014","1.3686303547518457","0.3952095810167804"
"adam","0.0001","0.001","categorical_crossentropy","32","300","1","","(2007, 8, 6, 7, 3)","","CNNLSTM","2018-03-16_01-37-16-CNNLSTM","[512]","0.4","[64]","3.0","0.0001","glorot_uniform","[32, 64, 128]","relu","[2, 2]","[1, 2, 1]","[0, 0, 0]","tanh","0.0","[1, 2, 1]","1.0","1.3623961591720577","0.3600000035762787","1.092699871528903","0.5565520680301155","1.368280391017358","0.3972055891197837"
"adam","0.0001","0.001","categorical_crossentropy","32","300","1","","(2007, 8, 6, 7, 3)","","CNNLSTM","2018-03-16_01-43-45-CNNLSTM","[1024]","0.2","[64]","3.0","0.0001","glorot_uniform","[32, 64, 128]","relu","[2, 2]","[1, 2, 1]","[0, 0, 0]","tanh","0.0","[1, 2, 1]","1.0","1.5698618268966675","0.2800000005960465","1.0962189511392744","0.5470852016155318","1.3573922627938246","0.3952095811357517"
"adam","0.0001","0.001","categorical_crossentropy","32","300","1","","(2007, 8, 6, 7, 3)","","CNNLSTM","2018-03-16_01-49-33-CNNLSTM","[1024]","0.4","[64]","3.0","0.0001","glorot_uniform","[32, 64, 128]","relu","[2, 2]","[1, 2, 1]","[0, 0, 0]","tanh","0.0","[1, 2, 1]","1.0","1.55349422454834","0.3400000023841858","1.142287437513092","0.5226706524185121","1.3559481828750488","0.4051896209369401"
"adam","0.0001","0.001","categorical_crossentropy","32","300","1","","(2007, 8, 6, 7, 3)","","CNNLSTM","2018-03-16_01-58-42-CNNLSTM","[512]","0.2","[64]","3.0","0.0001","glorot_uniform","[32, 64, 128]","relu","[2, 2]","[1, 2, 1]","[0, 0, 0]","tanh","0.2","[1, 2, 1]","1.0","1.3356132745742797","0.3400000035762787","1.2244226577927","0.4803188838469311","1.3636042319847914","0.359281438315462"
"adam","0.0001","0.001","categorical_crossentropy","32","300","1","","(2007, 8, 6, 7, 3)","","CNNLSTM","2018-03-16_02-10-36-CNNLSTM","[512]","0.4","[64]","3.0","0.0001","glorot_uniform","[32, 64, 128]","relu","[2, 2]","[1, 2, 1]","[0, 0, 0]","tanh","0.2","[1, 2, 1]","1.0","1.3600519895553589","0.4000000023841858","1.2131520537042355","0.4902840060384699","1.3583569938313222","0.3612774455261801"
"adam","0.0001","0.001","categorical_crossentropy","32","300","1","","(2007, 8, 6, 7, 3)","","CNNLSTM","2018-03-16_02-22-28-CNNLSTM","[1024]","0.2","[64]","3.0","0.0001","glorot_uniform","[32, 64, 128]","relu","[2, 2]","[1, 2, 1]","[0, 0, 0]","tanh","0.2","[1, 2, 1]","1.0","1.297072114944458","0.4000000011920929","1.2028820075142959","0.4952665669708984","1.3560281956267215","0.3812375251285568"
"adam","0.0001","0.001","categorical_crossentropy","32","300","1","","(2007, 8, 6, 7, 3)","","CNNLSTM","2018-03-16_02-36-19-CNNLSTM","[1024]","0.4","[64]","3.0","0.0001","glorot_uniform","[32, 64, 128]","relu","[2, 2]","[1, 2, 1]","[0, 0, 0]","tanh","0.2","[1, 2, 1]","1.0","1.251032133102417","0.5000000011920929","1.1856464554435528","0.5042351768215201","1.3438938782362644","0.4091816369050039"
"adam","0.0001","0.001","categorical_crossentropy","32","300","1","","(2007, 8, 6, 7, 3)","","CNNLSTM","2018-03-16_02-43-49-CNNLSTM","[512]","0.2","[128]","3.0","0.0001","glorot_uniform","[32, 64, 128]","relu","[2, 2]","[1, 2, 1]","[0, 0, 0]","tanh","0.0","[1, 2, 1]","1.0","1.3296799373626709","0.44000000357627866","1.0205825477556378","0.6113602388659459","1.3950190598855237","0.3692614782356217"
"adam","0.0001","0.001","categorical_crossentropy","32","300","1","","(2007, 8, 6, 7, 3)","","CNNLSTM","2018-03-16_02-50-34-CNNLSTM","[512]","0.4","[128]","3.0","0.0001","glorot_uniform","[32, 64, 128]","relu","[2, 2]","[1, 2, 1]","[0, 0, 0]","tanh","0.0","[1, 2, 1]","1.0","1.3339222145080567","0.44","1.1641877480983496","0.5401096162834035","1.3884941108688384","0.3892215571836559"
"adam","0.0001","0.001","categorical_crossentropy","32","300","1","","(2007, 8, 6, 7, 3)","","CNNLSTM","2018-03-16_02-57-40-CNNLSTM","[1024]","0.2","[128]","3.0","0.0001","glorot_uniform","[32, 64, 128]","relu","[2, 2]","[1, 2, 1]","[0, 0, 0]","tanh","0.0","[1, 2, 1]","1.0","1.4863431024551392","0.4600000035762787","1.011169923854575","0.6198305931920487","1.3915550442274935","0.4051896218292251"
"adam","0.0001","0.001","categorical_crossentropy","32","300","1","","(2007, 8, 6, 7, 3)","","CNNLSTM","2018-03-16_03-04-29-CNNLSTM","[1024]","0.4","[128]","3.0","0.0001","glorot_uniform","[32, 64, 128]","relu","[2, 2]","[1, 2, 1]","[0, 0, 0]","tanh","0.0","[1, 2, 1]","1.0","1.2861057472229005","0.46","1.0963317430251025","0.5779770801598361","1.4086121313586206","0.3692614774623079"
"adam","0.0001","0.001","categorical_crossentropy","32","300","1","","(2007, 8, 6, 7, 3)","","CNNLSTM","2018-03-16_03-17-30-CNNLSTM","[512]","0.2","[128]","3.0","0.0001","glorot_uniform","[32, 64, 128]","relu","[2, 2]","[1, 2, 1]","[0, 0, 0]","tanh","0.2","[1, 2, 1]","1.0","1.3810503530502318","0.3800000023841858","1.1697350814678684","0.5246636769518546","1.375948586863672","0.3792415181557813"
"adam","0.0001","0.001","categorical_crossentropy","32","300","1","","(2007, 8, 6, 7, 3)","","CNNLSTM","2018-03-16_03-35-04-CNNLSTM","[512]","0.4","[128]","3.0","0.0001","glorot_uniform","[32, 64, 128]","relu","[2, 2]","[1, 2, 1]","[0, 0, 0]","tanh","0.2","[1, 2, 1]","1.0","1.3310424470901492","0.4000000035762787","1.159470947631034","0.5326357747288444","1.3570295812603004","0.3972055891197837"
"adam","0.0001","0.001","categorical_crossentropy","32","300","1","","(2007, 8, 6, 7, 3)","","CNNLSTM","2018-03-16_03-48-47-CNNLSTM","[1024]","0.2","[128]","3.0","0.0001","glorot_uniform","[32, 64, 128]","relu","[2, 2]","[1, 2, 1]","[0, 0, 0]","tanh","0.2","[1, 2, 1]","1.0","1.2787667751312255","0.4200000095367432","1.1911167542496068","0.5166915795312453","1.3882703371866496","0.3772455091604929"
"adam","0.0001","0.001","categorical_crossentropy","32","300","1","","(2007, 8, 6, 7, 3)","","CNNLSTM","2018-03-16_04-05-20-CNNLSTM","[1024]","0.4","[128]","3.0","0.0001","glorot_uniform","[32, 64, 128]","relu","[2, 2]","[1, 2, 1]","[0, 0, 0]","tanh","0.2","[1, 2, 1]","1.0","1.346898512840271","0.44000000357627866","1.1890977034832508","0.5132037865978958","1.3779308220107636","0.3852295419889058"
"adam","0.0001","0.001","categorical_crossentropy","32","300","1","","(2007, 8, 6, 7, 3)","","CNNLSTM","2018-03-16_04-14-58-CNNLSTM","[512]","0.2","[32]","3.0","0.0001","glorot_uniform","[32, 64, 128]","relu","[2, 2]","[1, 2, 1]","[0.2, 0.2, 0.2]","tanh","0.0","[1, 2, 1]","1.0","1.4188388299942016","0.28","1.4015948942899108","0.31689088188360504","1.3958302807665155","0.3592814375421482"
"adam","0.0001","0.001","categorical_crossentropy","32","300","1","","(2007, 8, 6, 7, 3)","","CNNLSTM","2018-03-16_04-29-36-CNNLSTM","[512]","0.4","[32]","3.0","0.0001","glorot_uniform","[32, 64, 128]","relu","[2, 2]","[1, 2, 1]","[0.2, 0.2, 0.2]","tanh","0.0","[1, 2, 1]","1.0","1.4234299612045291","0.2000000047683716","1.3990283322441204","0.3228699552163474","1.3930654451994602","0.3373253494501114"
"adam","0.0001","0.001","categorical_crossentropy","32","300","1","","(2007, 8, 6, 7, 3)","","CNNLSTM","2018-03-16_04-43-35-CNNLSTM","[1024]","0.2","[32]","3.0","0.0001","glorot_uniform","[32, 64, 128]","relu","[2, 2]","[1, 2, 1]","[0.2, 0.2, 0.2]","tanh","0.0","[1, 2, 1]","1.0","1.329338960647583","0.4","1.3749396689328972","0.34479322367244297","1.375575204333383","0.36327345362918345"
"adam","0.0001","0.001","categorical_crossentropy","32","300","1","","(2007, 8, 6, 7, 3)","","CNNLSTM","2018-03-16_04-57-10-CNNLSTM","[1024]","0.4","[32]","3.0","0.0001","glorot_uniform","[32, 64, 128]","relu","[2, 2]","[1, 2, 1]","[0.2, 0.2, 0.2]","tanh","0.0","[1, 2, 1]","1.0","1.3970448637008668","0.3200000011920929","1.3853464762726173","0.3303437967486327","1.3912831066611284","0.33333333374973306"
"adam","0.0001","0.001","categorical_crossentropy","32","300","1","","(2007, 8, 6, 7, 3)","","CNNLSTM","2018-03-16_05-04-23-CNNLSTM","[512]","0.2","[32]","3.0","0.0001","glorot_uniform","[32, 64, 128]","relu","[2, 2]","[1, 2, 1]","[0.2, 0.2, 0.2]","tanh","0.2","[1, 2, 1]","1.0","1.3785955238342285","0.46","1.4158319914940882","0.2894867961835552","1.4106217318190308","0.313373254028385"
"adam","0.0001","0.001","categorical_crossentropy","32","300","1","","(2007, 8, 6, 7, 3)","","CNNLSTM","2018-03-16_05-13-38-CNNLSTM","[512]","0.4","[32]","3.0","0.0001","glorot_uniform","[32, 64, 128]","relu","[2, 2]","[1, 2, 1]","[0.2, 0.2, 0.2]","tanh","0.2","[1, 2, 1]","1.0","1.3980624628067018","0.3200000023841858","1.4175611676775406","0.3039362230405442","1.413055999550277","0.30538922197328594"
"adam","0.0001","0.001","categorical_crossentropy","32","300","1","","(2007, 8, 6, 7, 3)","","CNNLSTM","2018-03-16_05-22-54-CNNLSTM","[1024]","0.2","[32]","3.0","0.0001","glorot_uniform","[32, 64, 128]","relu","[2, 2]","[1, 2, 1]","[0.2, 0.2, 0.2]","tanh","0.2","[1, 2, 1]","1.0","1.3964263439178466","0.34000000953674314","1.4033257796150211","0.31838565006087416","1.4077343224527354","0.3153692618934456"
"adam","0.0001","0.001","categorical_crossentropy","32","300","1","","(2007, 8, 6, 7, 3)","","CNNLSTM","2018-03-16_05-35-11-CNNLSTM","[1024]","0.4","[32]","3.0","0.0001","glorot_uniform","[32, 64, 128]","relu","[2, 2]","[1, 2, 1]","[0.2, 0.2, 0.2]","tanh","0.2","[1, 2, 1]","1.0","1.4030970478057858","0.28000000238418576","1.4134882102870323","0.2969606375896224","1.4043754667579056","0.32335329394854473"
"adam","0.0001","0.001","categorical_crossentropy","32","300","1","","(2007, 8, 6, 7, 3)","","CNNLSTM","2018-03-16_05-43-38-CNNLSTM","[512]","0.2","[64]","3.0","0.0001","glorot_uniform","[32, 64, 128]","relu","[2, 2]","[1, 2, 1]","[0.2, 0.2, 0.2]","tanh","0.0","[1, 2, 1]","1.0","1.4564177513122558","0.28000000238418576","1.4266438415291658","0.30592924770752944","1.416365459769548","0.33932135758285753"
"adam","0.0001","0.001","categorical_crossentropy","32","300","1","","(2007, 8, 6, 7, 3)","","CNNLSTM","2018-03-16_06-05-04-CNNLSTM","[512]","0.4","[64]","3.0","0.0001","glorot_uniform","[32, 64, 128]","relu","[2, 2]","[1, 2, 1]","[0.2, 0.2, 0.2]","tanh","0.0","[1, 2, 1]","1.0","1.3881716156005859","0.3600000023841858","1.380210408537199","0.35675137017458664","1.3921256512700917","0.3672654695972473"
"adam","0.0001","0.001","categorical_crossentropy","32","300","1","","(2007, 8, 6, 7, 3)","","CNNLSTM","2018-03-16_06-17-17-CNNLSTM","[1024]","0.2","[64]","3.0","0.0001","glorot_uniform","[32, 64, 128]","relu","[2, 2]","[1, 2, 1]","[0.2, 0.2, 0.2]","tanh","0.0","[1, 2, 1]","1.0","1.4522065448760986","0.3400000011920929","1.4050072926933277","0.332336821066662","1.411877574558981","0.33133732576570113"
"adam","0.0001","0.001","categorical_crossentropy","32","300","1","","(2007, 8, 6, 7, 3)","","CNNLSTM","2018-03-16_06-28-09-CNNLSTM","[1024]","0.4","[64]","3.0","0.0001","glorot_uniform","[32, 64, 128]","relu","[2, 2]","[1, 2, 1]","[0.2, 0.2, 0.2]","tanh","0.0","[1, 2, 1]","1.0","1.3751050996780396","0.3600000011920929","1.4201726467976477","0.3158943696763305","1.4159602271820495","0.3433133737888641"
"adam","0.0001","0.001","categorical_crossentropy","32","300","1","","(2007, 8, 6, 7, 3)","","CNNLSTM","2018-03-16_06-39-31-CNNLSTM","[512]","0.2","[64]","3.0","0.0001","glorot_uniform","[32, 64, 128]","relu","[2, 2]","[1, 2, 1]","[0.2, 0.2, 0.2]","tanh","0.2","[1, 2, 1]","1.0","1.4228815603256226","0.3400000023841858","1.44291302542456","0.3014449426560005","1.4283180289163795","0.3253493018136053"
"adam","0.0001","0.001","categorical_crossentropy","32","300","1","","(2007, 8, 6, 7, 3)","","CNNLSTM","2018-03-16_06-47-01-CNNLSTM","[512]","0.4","[64]","3.0","0.0001","glorot_uniform","[32, 64, 128]","relu","[2, 2]","[1, 2, 1]","[0.2, 0.2, 0.2]","tanh","0.2","[1, 2, 1]","1.0","1.4299130296707154","0.3799999976158142","1.4382952259854411","0.30144494273767103","1.4303290912967004","0.3273453095596945"
"adam","0.0001","0.001","categorical_crossentropy","32","300","1","","(2007, 8, 6, 7, 3)","","CNNLSTM","2018-03-16_06-57-47-CNNLSTM","[1024]","0.2","[64]","3.0","0.0001","glorot_uniform","[32, 64, 128]","relu","[2, 2]","[1, 2, 1]","[0.2, 0.2, 0.2]","tanh","0.2","[1, 2, 1]","1.0","1.4044514083862305","0.3800000095367432","1.4216335142318086","0.3148978573502625","1.4174162335024625","0.35528942157408433"
"adam","0.0001","0.001","categorical_crossentropy","32","300","1","","(2007, 8, 6, 7, 3)","","CNNLSTM","2018-03-16_07-05-53-CNNLSTM","[1024]","0.4","[64]","3.0","0.0001","glorot_uniform","[32, 64, 128]","relu","[2, 2]","[1, 2, 1]","[0.2, 0.2, 0.2]","tanh","0.2","[1, 2, 1]","1.0","1.4236674165725711","0.3000000035762787","1.4438080296447515","0.29247633279052965","1.431291135247358","0.323353293710602"
"adam","0.0001","0.001","categorical_crossentropy","32","300","1","","(2007, 8, 6, 7, 3)","","CNNLSTM","2018-03-16_07-27-22-CNNLSTM","[512]","0.2","[128]","3.0","0.0001","glorot_uniform","[32, 64, 128]","relu","[2, 2]","[1, 2, 1]","[0.2, 0.2, 0.2]","tanh","0.0","[1, 2, 1]","1.0","1.442915449142456","0.3400000023841858","1.3957521013199066","0.3712007971652183","1.4106086390223094","0.3532934137090237"
"adam","0.0001","0.001","categorical_crossentropy","32","300","1","","(2007, 8, 6, 7, 3)","","CNNLSTM","2018-03-16_07-42-31-CNNLSTM","[512]","0.4","[128]","3.0","0.0001","glorot_uniform","[32, 64, 128]","relu","[2, 2]","[1, 2, 1]","[0.2, 0.2, 0.2]","tanh","0.0","[1, 2, 1]","1.0","1.430864644050598","0.3000000023841858","1.4398318359254303","0.3293472843408941","1.436371858724339","0.33532934185273633"
"adam","0.0001","0.001","categorical_crossentropy","32","300","1","","(2007, 8, 6, 7, 3)","","CNNLSTM","2018-03-16_08-06-31-CNNLSTM","[1024]","0.2","[128]","3.0","0.0001","glorot_uniform","[32, 64, 128]","relu","[2, 2]","[1, 2, 1]","[0.2, 0.2, 0.2]","tanh","0.0","[1, 2, 1]","1.0","1.4143305540084838","0.32000000059604644","1.3753338166000717","0.3841554557558429","1.4070341313432553","0.3473053895189853"
"adam","0.0001","0.001","categorical_crossentropy","32","300","1","","(2007, 8, 6, 7, 3)","","CNNLSTM","2018-03-16_08-40-31-CNNLSTM","[1024]","0.4","[128]","3.0","0.0001","glorot_uniform","[32, 64, 128]","relu","[2, 2]","[1, 2, 1]","[0.2, 0.2, 0.2]","tanh","0.0","[1, 2, 1]","1.0","1.4129344034194946","0.3400000005960465","1.367221363575588","0.39412057793253263","1.3996331322930768","0.3692614774623079"
"adam","0.0001","0.001","categorical_crossentropy","32","300","1","","(2007, 8, 6, 7, 3)","","CNNLSTM","2018-03-16_08-50-24-CNNLSTM","[512]","0.2","[128]","3.0","0.0001","glorot_uniform","[32, 64, 128]","relu","[2, 2]","[1, 2, 1]","[0.2, 0.2, 0.2]","tanh","0.2","[1, 2, 1]","1.0","1.4564146852493287","0.3600000095367432","1.473221258138268","0.3104135525363206","1.4514385447530689","0.345309381415982"
"adam","0.0001","0.001","categorical_crossentropy","32","300","1","","(2007, 8, 6, 7, 3)","","CNNLSTM","2018-03-16_09-00-28-CNNLSTM","[512]","0.4","[128]","3.0","0.0001","glorot_uniform","[32, 64, 128]","relu","[2, 2]","[1, 2, 1]","[0.2, 0.2, 0.2]","tanh","0.2","[1, 2, 1]","1.0","1.4552368688583377","0.2800000035762787","1.4974697970251094","0.2879920277538499","1.456156723275632","0.33333333374973306"
"adam","0.0001","0.001","categorical_crossentropy","32","300","1","","(2007, 8, 6, 7, 3)","","CNNLSTM","2018-03-16_09-21-02-CNNLSTM","[1024]","0.2","[128]","3.0","0.0001","glorot_uniform","[32, 64, 128]","relu","[2, 2]","[1, 2, 1]","[0.2, 0.2, 0.2]","tanh","0.2","[1, 2, 1]","1.0","1.4270304250717163","0.2600000035762787","1.4273900799805928","0.3378176383031917","1.4364309851043","0.3453093824272384"
"adam","0.0001","0.001","categorical_crossentropy","32","300","1","","(2007, 8, 6, 7, 3)","","CNNLSTM","2018-03-16_09-44-29-CNNLSTM","[1024]","0.4","[128]","3.0","0.0001","glorot_uniform","[32, 64, 128]","relu","[2, 2]","[1, 2, 1]","[0.2, 0.2, 0.2]","tanh","0.2","[1, 2, 1]","1.0","1.3913651657104489","0.4400000095367432","1.4194579334121231","0.34479322367244297","1.4339301436247227","0.3612774455261801"
"adam","0.0001","0.001","categorical_crossentropy","32","300","1","","(2007, 8, 6, 7, 3)","","CNNLSTM","2018-03-16_09-55-07-CNNLSTM","[512]","0.2","[32]","3.0","0.0001","glorot_uniform","[32, 64, 128]","relu","[2, 2]","[1, 2, 1]","[0, 0, 0]","tanh","0.0","[1, 2, 1]","2.0","1.3807760763168335","0.36","1.1062317585909491","0.5391131038385418","1.3525755769478347","0.3792415181557813"
"adam","0.0001","0.001","categorical_crossentropy","32","300","1","","(2007, 8, 6, 7, 3)","","CNNLSTM","2018-03-16_10-05-41-CNNLSTM","[512]","0.4","[32]","3.0","0.0001","glorot_uniform","[32, 64, 128]","relu","[2, 2]","[1, 2, 1]","[0, 0, 0]","tanh","0.0","[1, 2, 1]","2.0","1.310463514328003","0.4400000023841858","1.1064416514027458","0.5351270551282372","1.3300240361048077","0.3832335331125887"
"adam","0.0001","0.001","categorical_crossentropy","32","300","1","","(2007, 8, 6, 7, 3)","","CNNLSTM","2018-03-16_10-14-08-CNNLSTM","[1024]","0.2","[32]","3.0","0.0001","glorot_uniform","[32, 64, 128]","relu","[2, 2]","[1, 2, 1]","[0, 0, 0]","tanh","0.0","[1, 2, 1]","2.0","1.4661456727981568","0.3400000023841858","1.062247407869967","0.5570503239258641","1.3454000773782029","0.4051896208179687"
"adam","0.0001","0.001","categorical_crossentropy","32","300","1","","(2007, 8, 6, 7, 3)","","CNNLSTM","2018-03-16_10-23-32-CNNLSTM","[1024]","0.4","[32]","3.0","0.0001","glorot_uniform","[32, 64, 128]","relu","[2, 2]","[1, 2, 1]","[0, 0, 0]","tanh","0.0","[1, 2, 1]","2.0","1.4955221509933472","0.3600000035762787","1.1274018025718997","0.5341305430397562","1.3579206152590448","0.3852295409776493"
"adam","0.0001","0.001","categorical_crossentropy","32","300","1","","(2007, 8, 6, 7, 3)","","CNNLSTM","2018-03-16_10-57-26-CNNLSTM","[512]","0.2","[32]","3.0","0.0001","glorot_uniform","[32, 64, 128]","relu","[2, 2]","[1, 2, 1]","[0, 0, 0]","tanh","0.2","[1, 2, 1]","2.0","1.364903678894043","0.3400000035762787","1.2595379928718116","0.4554060785462741","1.3346518477993812","0.3852295409776493"
"adam","0.0001","0.001","categorical_crossentropy","32","300","1","","(2007, 8, 6, 7, 3)","","CNNLSTM","2018-03-16_11-23-34-CNNLSTM","[512]","0.4","[32]","3.0","0.0001","glorot_uniform","[32, 64, 128]","relu","[2, 2]","[1, 2, 1]","[0, 0, 0]","tanh","0.2","[1, 2, 1]","2.0","1.3549786376953126","0.3600000023841858","1.2646616432995836","0.4369706028453377","1.334958301570839","0.3772455101717494"
"adam","0.0001","0.001","categorical_crossentropy","32","300","1","","(2007, 8, 6, 7, 3)","","CNNLSTM","2018-03-16_11-43-08-CNNLSTM","[1024]","0.2","[32]","3.0","0.0001","glorot_uniform","[32, 64, 128]","relu","[2, 2]","[1, 2, 1]","[0, 0, 0]","tanh","0.2","[1, 2, 1]","2.0","1.4011602687835694","0.3200000035762787","1.2251957505867146","0.4628799202344758","1.3490533609828073","0.3672654693593046"
"adam","0.0001","0.001","categorical_crossentropy","32","300","1","","(2007, 8, 6, 7, 3)","","CNNLSTM","2018-03-16_12-08-52-CNNLSTM","[1024]","0.4","[32]","3.0","0.0001","glorot_uniform","[32, 64, 128]","relu","[2, 2]","[1, 2, 1]","[0, 0, 0]","tanh","0.2","[1, 2, 1]","2.0","1.3452881097793579","0.3800000011920929","1.1944030785833832","0.4848031885420795","1.3337432398291642","0.3832335331125887"
"adam","0.0001","0.001","categorical_crossentropy","32","300","1","","(2007, 8, 6, 7, 3)","","CNNLSTM","2018-03-16_12-20-43-CNNLSTM","[512]","0.2","[64]","3.0","0.0001","glorot_uniform","[32, 64, 128]","relu","[2, 2]","[1, 2, 1]","[0, 0, 0]","tanh","0.0","[1, 2, 1]","2.0","1.268378529548645","0.4600000095367432","1.0401632394966465","0.5824613852113648","1.3703753400943477","0.4151696616304135"
"adam","0.0001","0.001","categorical_crossentropy","32","300","1","","(2007, 8, 6, 7, 3)","","CNNLSTM","2018-03-16_12-35-41-CNNLSTM","[512]","0.4","[64]","3.0","0.0001","glorot_uniform","[32, 64, 128]","relu","[2, 2]","[1, 2, 1]","[0, 0, 0]","tanh","0.0","[1, 2, 1]","2.0","1.3845207500457763","0.4","1.1022669030590089","0.5480817138376555","1.36599215537964","0.3812375261398133"
"adam","0.0001","0.001","categorical_crossentropy","32","300","1","","(2007, 8, 6, 7, 3)","","CNNLSTM","2018-03-16_12-45-42-CNNLSTM","[1024]","0.2","[64]","3.0","0.0001","glorot_uniform","[32, 64, 128]","relu","[2, 2]","[1, 2, 1]","[0, 0, 0]","tanh","0.0","[1, 2, 1]","2.0","1.8910508918762208","0.2400000047683716","1.0225389999837262","0.5954160436683469","1.3794531382010606","0.4031936129529081"
"adam","0.0001","0.001","categorical_crossentropy","32","300","1","","(2007, 8, 6, 7, 3)","","CNNLSTM","2018-03-16_13-00-27-CNNLSTM","[1024]","0.4","[64]","3.0","0.0001","glorot_uniform","[32, 64, 128]","relu","[2, 2]","[1, 2, 1]","[0, 0, 0]","tanh","0.0","[1, 2, 1]","2.0","1.4279600048065186","0.3600000047683716","0.9609990595405116","0.6258096664356959","1.3395796759637768","0.4011976048499049"
"adam","0.0001","0.001","categorical_crossentropy","32","300","1","","(2007, 8, 6, 7, 3)","","CNNLSTM","2018-03-16_13-20-31-CNNLSTM","[512]","0.2","[64]","3.0","0.0001","glorot_uniform","[32, 64, 128]","relu","[2, 2]","[1, 2, 1]","[0, 0, 0]","tanh","0.2","[1, 2, 1]","2.0","1.3958939838409423","0.3000000035762787","1.2569055923134995","0.4593921276278085","1.3547240702691907","0.3692614774623079"
"adam","0.0001","0.001","categorical_crossentropy","32","300","1","","(2007, 8, 6, 7, 3)","","CNNLSTM","2018-03-16_13-55-45-CNNLSTM","[512]","0.4","[64]","3.0","0.0001","glorot_uniform","[32, 64, 128]","relu","[2, 2]","[1, 2, 1]","[0, 0, 0]","tanh","0.2","[1, 2, 1]","2.0","1.3858077716827393","0.3600000095367432","1.2500628184250593","0.4633781764569066","1.3342097250525349","0.4051896208179687"
"adam","0.0001","0.001","categorical_crossentropy","32","300","1","","(2007, 8, 6, 7, 3)","","CNNLSTM","2018-03-16_14-20-47-CNNLSTM","[1024]","0.2","[64]","3.0","0.0001","glorot_uniform","[32, 64, 128]","relu","[2, 2]","[1, 2, 1]","[0, 0, 0]","tanh","0.2","[1, 2, 1]","2.0","1.4364320850372314","0.3000000047683716","1.194313033576266","0.5052316890436438","1.3541239100302052","0.3992015979961007"
"adam","0.0001","0.001","categorical_crossentropy","32","300","1","","(2007, 8, 6, 7, 3)","","CNNLSTM","2018-03-16_14-46-18-CNNLSTM","[1024]","0.4","[64]","3.0","0.0001","glorot_uniform","[32, 64, 128]","relu","[2, 2]","[1, 2, 1]","[0, 0, 0]","tanh","0.2","[1, 2, 1]","2.0","1.3822128105163574","0.2800000047683716","1.2438564159766798","0.4708520177738786","1.3579538713196315","0.3852295409776493"
"adam","0.0001","0.001","categorical_crossentropy","32","300","1","","(2007, 8, 6, 7, 3)","","CNNLSTM","2018-03-16_14-58-41-CNNLSTM","[512]","0.2","[128]","3.0","0.0001","glorot_uniform","[32, 64, 128]","relu","[2, 2]","[1, 2, 1]","[0, 0, 0]","tanh","0.0","[1, 2, 1]","2.0","1.6961013984680176","0.3600000035762787","1.1073743868183008","0.5640259091688973","1.3911010631306204","0.3972055900120687"
"adam","0.0001","0.001","categorical_crossentropy","32","300","1","","(2007, 8, 6, 7, 3)","","CNNLSTM","2018-03-16_15-13-41-CNNLSTM","[512]","0.4","[128]","3.0","0.0001","glorot_uniform","[32, 64, 128]","relu","[2, 2]","[1, 2, 1]","[0, 0, 0]","tanh","0.0","[1, 2, 1]","2.0","1.2388623809814454","0.5200000095367432","1.1103577448707584","0.5650224213464734","1.3695565262240563","0.4171656688411317"
"adam","0.0001","0.001","categorical_crossentropy","32","300","1","","(2007, 8, 6, 7, 3)","","CNNLSTM","2018-03-16_15-25-48-CNNLSTM","[1024]","0.2","[128]","3.0","0.0001","glorot_uniform","[32, 64, 128]","relu","[2, 2]","[1, 2, 1]","[0, 0, 0]","tanh","0.0","[1, 2, 1]","2.0","1.4081763362884518","0.3400000047683716","0.9661951596367458","0.6422521172914567","1.3774404782734946","0.39520958089780905"
"adam","0.0001","0.001","categorical_crossentropy","32","300","1","","(2007, 8, 6, 7, 3)","","CNNLSTM","2018-03-16_15-40-03-CNNLSTM","[1024]","0.4","[128]","3.0","0.0001","glorot_uniform","[32, 64, 128]","relu","[2, 2]","[1, 2, 1]","[0, 0, 0]","tanh","0.0","[1, 2, 1]","2.0","1.5675225973129272","0.42","0.9739836875217496","0.6312904833381189","1.3858757713835634","0.3972055900120687"
"adam","0.0001","0.001","categorical_crossentropy","32","300","1","","(2007, 8, 6, 7, 3)","","CNNLSTM","2018-03-16_15-59-33-CNNLSTM","[512]","0.2","[128]","3.0","0.0001","glorot_uniform","[32, 64, 128]","relu","[2, 2]","[1, 2, 1]","[0, 0, 0]","tanh","0.2","[1, 2, 1]","2.0","1.3573553276062011","0.4000000023841858","1.218126601999413","0.5022421525406137","1.390073574469713","0.3792415181557813"
"adam","0.0001","0.001","categorical_crossentropy","32","300","1","","(2007, 8, 6, 7, 3)","","CNNLSTM","2018-03-16_16-29-16-CNNLSTM","[512]","0.4","[128]","3.0","0.0001","glorot_uniform","[32, 64, 128]","relu","[2, 2]","[1, 2, 1]","[0, 0, 0]","tanh","0.2","[1, 2, 1]","2.0","1.402368426322937","0.3400000035762787","1.2632100722893114","0.46287992013053153","1.369582615926594","0.3692614774623079"
